Company name,State,Segment,Type,Website,Growth stage,Employees,Industries,HQ city,HQ address,Company city,Company state,Tagline,LinkedIn,Job openings,Board roles,Accredited sponsor,Hires international students,Glassdoor rating,Glassdoor reviews,Glassdoor URL,Job title,Job type,ANZSCO occupation,ANZSCO 2022,ANZSCO 2013,ANZSCO unit group,ANZSCO unit group title,OSCA occupation,OSCA code,Job city,Job location city,Job location state,Job country,Date posted,Job URL,Job ID,Invited Score,Employment type,Job level,Work arrangement,Education level,Base salary min,Base salary max,Base salary currency,Base salary min AUD,Base salary max AUD,Company salary estimate AUD,Salary source,Salary source URL,Advert posted,Salary scope,Manually updated
Flaim Systems,Victoria,startup,augmented reality;subscription,http://www.flaimsystems.com,early stage,11-50,education,Melbourne,"Moray Street, South Melbourne, Melbourne, City of Port Phillip, Victoria, 3205, Australia",Melbourne,Victoria,FLAIM developed the world’s first multi-sensory immersive learning solution for firefighters to safely and cost-effectively replicate the stress and uncertainty of real-world emergency situations,https://www.linkedin.com/company/flaimsystems/,1,,,,,,,Company Accountant,Accounting,,,,,,,,South Melbourne,Melbourne,Victoria,Australia,2026-10-06,https://www.linkedin.com/jobs/view/4473842709/,90775888,,Part-time,Junior,,Bachelor,,,,,,,,,2026-10-06,,True
ForHealth,New South Wales,startup,commission;manufacturing,https://www.forhealth.com.au,late stage,501-1000,health,Sydney,"Leichhardt Medical + Dental Centre, 30-38, Short Street, Leichhardt, Inner West, Sydney, New South Wales, 2040, Australia",Sydney,New South Wales,Multidisciplinary medical and dental centre network operator,https://www.linkedin.com/company/forhealthgroup/,205,,,,,,,Urgent Care Registered Nurse | Maroubra | Casual,Other,Registered Nurse (Aged Care);Registered Nurse (Child and Family Health);Registered Nurse (Community Health);Registered Nurse (Critical Care and Emergency);Registered Nurse (Developmental Disability);Registered Nurse (Disability and Rehabilitation);Registered Nurse (Medical Practice);Registered Nurse (Medical);Registered Nurse (Mental Health);Registered Nurse (Paediatrics);Registered Nurse (Perioperative);Registered Nurse (Surgical),254412;254413;254414;254415;254416;254417;254421;254418;254422;254425;254423;254424,254412;254413;254414;254415;254416;254417;254421;254418;254422;254425;254423;254424,2544,Registered Nurses,Registered Nurse (Acute Care);Registered Nurse (Aged Care);Registered Nurse (Mental Health);Registered Nurse (Primary Health Care),265432;265433;265434;265435,Maroubra,Sydney,New South Wales,Australia,2026-10-06,https://www.linkedin.com/jobs/view/4471711345/,90741890,75,Full-time,,,,,,,,,,,,2026-10-06,,True
DEL AI GROUP,New South Wales,startup,artificial intelligence;saas,http://d-el.ai,early stage,2-10,education,Sydney,"La Piazza, 8, Greenfield Parade, Bankstown, Sydney, New South Wales, 2200, Australia",Sydney,New South Wales,AI-powered platform for workplace skills micro-credentials.,https://www.linkedin.com/company/digital-enhanced-learning/,6,,,,,,,AI+ Educator PractitionerTM,Data Science & Engineering,,,,,,,,Sydney,Sydney,New South Wales,Australia,2026-10-06,https://d-el.ai/courses/ai-educator-practitioner,90725109,,,,,,,,,,,,,,,,
DEL AI GROUP,New South Wales,startup,artificial intelligence;saas,http://d-el.ai,early stage,2-10,education,Sydney,"La Piazza, 8, Greenfield Parade, Bankstown, Sydney, New South Wales, 2200, Australia",Sydney,New South Wales,AI-powered platform for workplace skills micro-credentials.,https://www.linkedin.com/company/digital-enhanced-learning/,6,,,,,,,AI+ Researcher PractitionerTM,Data Science & Engineering,,,,,,,,Sydney,Sydney,New South Wales,Australia,2026-10-06,https://d-el.ai/courses/ai-researcher-practitioner,90725089,,,,,,,,,,,,,,,,
DEL AI GROUP,New South Wales,startup,artificial intelligence;saas,http://d-el.ai,early stage,2-10,education,Sydney,"La Piazza, 8, Greenfield Parade, Bankstown, Sydney, New South Wales, 2200, Australia",Sydney,New South Wales,AI-powered platform for workplace skills micro-credentials.,https://www.linkedin.com/company/digital-enhanced-learning/,6,,,,,,,AI+ Product Manager FundamentalsTM,CSM & Support,Marketing Specialist,225113,225113,2251,Advertising and Marketing Professionals,Marketing Specialist,221534,Sydney,Sydney,New South Wales,Australia,2026-10-06,https://d-el.ai/courses/ai-product-manager,90725067,,,,,,,,,,,,,,,,
DEL AI GROUP,New South Wales,startup,artificial intelligence;saas,http://d-el.ai,early stage,2-10,education,Sydney,"La Piazza, 8, Greenfield Parade, Bankstown, Sydney, New South Wales, 2200, Australia",Sydney,New South Wales,AI-powered platform for workplace skills micro-credentials.,https://www.linkedin.com/company/digital-enhanced-learning/,6,,,,,,,AI+ Project Manager FundamentalsTM,Project Management,,,,,,,,Sydney,Sydney,New South Wales,Australia,2026-10-06,https://d-el.ai/courses/ai-project-manager,90725041,,,,,,,,,,,,,,,,
DEL AI GROUP,New South Wales,startup,artificial intelligence;saas,http://d-el.ai,early stage,2-10,education,Sydney,"La Piazza, 8, Greenfield Parade, Bankstown, Sydney, New South Wales, 2200, Australia",Sydney,New South Wales,AI-powered platform for workplace skills micro-credentials.,https://www.linkedin.com/company/digital-enhanced-learning/,6,,,,,,,AI+ Architect PractitionerTM,Design,,,,,,,,Sydney,Sydney,New South Wales,Australia,2026-10-06,https://d-el.ai/courses/ai-architect-practitioner,90725020,,,Lead,,,,,,,,,,,,,
DEL AI GROUP,New South Wales,startup,artificial intelligence;saas,http://d-el.ai,early stage,2-10,education,Sydney,"La Piazza, 8, Greenfield Parade, Bankstown, Sydney, New South Wales, 2200, Australia",Sydney,New South Wales,AI-powered platform for workplace skills micro-credentials.,https://www.linkedin.com/company/digital-enhanced-learning/,6,,,,,,,For INSTRUCTOR-LED Course Information,Other,,,,,,,,Sydney,Sydney,New South Wales,Australia,2026-10-06,https://d-el.ai/career,90722719,,,,,,,,,,,,,,,,
PictureWealth,Western Australia,startup,marketplace & ecommerce,http://picturewealth.com,breakout stage,51-200,fintech,Perth,"30 Summers St, Perth WA 6004, Australia",Perth,Western Australia,Free and exclusive system available for understanding and managing your complete financial picture,https://www.linkedin.com/company/picturewealth/,8,,,,,,,Senior Client Service Specialist,CSM & Support,,,,,,,,Perth,Perth,Western Australia,Australia,2026-10-06,https://employmenthero.com/jobs/position/picturewealth-senior-client-service-specialist-0hzs3,90712784,,Full-time,Senior,Hybrid,,,,,,,,,,2026-10-06,,
Synergy,Western Australia,scaleup,,https://synergy.net.au,late stage,1001-5000,energy,Perth,"St Georges Terrace, Perth, City of Perth, Western Australia, 6000, Australia",Perth,Western Australia,,https://www.linkedin.com/company/synergy-retail-electricity-corporation-/,28,,,,,,,Mechanical Engineer,Other,Mechanical Engineer,233512,233512,2335,"Industrial, Mechanical and Production Engineers",Mechanical Engineer,243532,Pinjar,Perth,Western Australia,Australia,2026-10-06,https://careers.synergy.net.au/job/Pinjar-Mechanical-Engineer/1368416266,90711724,,Contract,,,Bachelor,,,,,,,,,,,True
Synergy,Western Australia,scaleup,,https://synergy.net.au,late stage,1001-5000,energy,Perth,"St Georges Terrace, Perth, City of Perth, Western Australia, 6000, Australia",Perth,Western Australia,,https://www.linkedin.com/company/synergy-retail-electricity-corporation-/,28,,,,,,,Energy Trader,Finance,Commodities Trader,,222111,2221,Financial Brokers,Commodities Trader,531332,Perth,Perth,Western Australia,Australia,2026-10-06,https://careers.synergy.net.au/job/Perth-Energy-Trader/1368318866,90711565,,,,,,,,,,,,,,,,
Synergy,Western Australia,scaleup,,https://synergy.net.au,late stage,1001-5000,energy,Perth,"St Georges Terrace, Perth, City of Perth, Western Australia, 6000, Australia",Perth,Western Australia,,https://www.linkedin.com/company/synergy-retail-electricity-corporation-/,28,,,,,,,Senior Environmental Advisor,Other,,,,,,,,Perth,Perth,Western Australia,Australia,2026-10-06,https://careers.synergy.net.au/job/Perth-Senior-Environmental-Advisor/1367796666,90711512,,,Senior,,Bachelor,,,,,,,,,,,True
JET Charge,Victoria,scaleup,manufacturing,https://jetcharge.com.au,breakout stage,51-200,energy;transportation,Melbourne,"350, Bridge Street, Port Melbourne, Melbourne, City of Port Phillip, Victoria, 3207, Australia",Melbourne,Victoria,Electric Car Charging Solutions | JET Charge,https://www.linkedin.com/company/jet-charge/,10,,,,4,15,https://www.glassdoor.com.au/Reviews/Jet-Charge-Reviews-E3739670.htm,Netsuite Administrator,Backend development,,,,,,,,Port Melbourne,Melbourne,Victoria,Australia,2026-10-06,https://jetcharge.com.au/about-us/careers/job/?id=9ce2bc1a-e614-4e12-8467-ce578f3ea1b7,90710557,,Full-time,,,,,,,,,,,,,,True
Atticus Tech,Victoria,startup,,http://www.atticus.tech,breakout stage,51-200,legal;fintech,Melbourne,"333, Exhibition Street, 3004 Melbourne, Australia",Melbourne,Victoria,"Atticus provides law firms and their clients with a platform they need to complete verifications securely, efficiently and accurately",https://www.linkedin.com/company/atticustech/,5,,,,,,,Enterprise Account Manager,Sales,ICT Account Manager,225211,225211,2252,ICT Sales Professionals,ICT Account Manager,221631,Melbourne,Melbourne,Victoria,Australia,2026-10-06,https://atticus.careers.hibob.com/jobs/04b58cda-c902-47a3-91f1-7d8999d1de39,90705522,,,,,,,,,,,,,,,,
Aurizon,Queensland,scaleup,commission,http://aurizon.com.au,late stage,1001-5000,education,Brisbane,"900, Ann Street, Fortitude Valley, Greater Brisbane, Queensland, 4006, Australia",Brisbane,Queensland,"Aurizon is Australia’s largest rail freight operator, moving coal, iron ore, agricultural freight and more across the nation",https://www.linkedin.com/company/aurizon/,83,,,,3.6,205,https://www.glassdoor.com.au/Reviews/Aurizon-Reviews-E657354.htm,Fault Coordination Technician,Other,,,,,,,,Rockhampton,Rockhampton,Queensland,Australia,2026-10-06,https://careers.pageuppeople.com/493/new/en/job/683985/fault-coordination-technician,90703173,,Full-time,,,,,,,,,,,,,,
Aurizon,Queensland,scaleup,commission,http://aurizon.com.au,late stage,1001-5000,education,Brisbane,"900, Ann Street, Fortitude Valley, Greater Brisbane, Queensland, 4006, Australia",Brisbane,Queensland,"Aurizon is Australia’s largest rail freight operator, moving coal, iron ore, agricultural freight and more across the nation",https://www.linkedin.com/company/aurizon/,83,,,,3.6,205,https://www.glassdoor.com.au/Reviews/Aurizon-Reviews-E657354.htm,Graduate Mechanical Engineer,Other,Mechanical Engineer,233512,233512,2335,"Industrial, Mechanical and Production Engineers",Mechanical Engineer,243532,Brisbane,Brisbane,Queensland,Australia,2026-10-06,https://careers.pageuppeople.com/493/new/en/job/684017/graduate-mechanical-engineer,90703163,,Full-time,Graduate,,Bachelor,,,,,,,,,,,True
Savvy,South Australia,scaleup,commission,http://savvy.com.au,breakout stage,51-200,fintech,Adelaide,"The Parade, Norwood, Adelaide, The City of Norwood Payneham and St Peters, South Australia, 5067, Australia",Adelaide,South Australia,Leading financial firm offering a range of car loan products and services around australia,https://www.linkedin.com/company/savvy-finance-insurance/,1,,,,,,,Finance Broker,Finance,Finance Broker,222112,222112,2221,Financial Brokers,Finance Broker,531333,Adelaide,Adelaide,South Australia,Australia,2026-10-06,https://www.linkedin.com/jobs/view/4472565164/,90783187,,Full-time,Mid;Senior,,,,,,,,,,,2026-10-05,,
TFE Hotels,New South Wales,scaleup,subscription,http://tfehotels.com,late stage,501-1000,travel,Sydney,"2007 Sydney, New South Wales, Australia",Sydney,New South Wales,,https://www.linkedin.com/company/toga-hotels/,54,,,,,,,Maintenance Manager,Other,,,,,,,,Melbourne,Melbourne,Victoria,Australia,2026-10-06,https://jobs.dayforcehcm.com/en-AU/tfehotels/CANDIDATEPORTAL/jobs/31289,90776876,,Full-time,,,,,,,,,,,,2026-10-05,,True
Fora Therapy,Victoria,startup,commission;saas,https://www.foratherapy.com,breakout stage,51-200,health;wellness beauty,Melbourne,"Hartnett Close, Mulgrave, Melbourne, City of Monash, Victoria, 3168, Australia",Melbourne,Victoria,Making finding a therapy assistant simple,https://www.linkedin.com/company/foratherapy/,1,,,,,,,Allied Health Assistant,Other,,,,,,Allied Health Assistant,442131,Melbourne,Melbourne,Victoria,Australia,2026-10-05,https://www.foratherapy.com/allied-health-assistant-pay-rates-therapy-assistant,90771717,,,Junior,,,,,,,,,,,,,
Roller,Victoria,scaleup,commission;saas,http://www.roller.software,late stage,201-500,event tech;enterprise software,Melbourne,"City Road, Southbank, Melbourne, City of Melbourne, Victoria, 3006, Australia",Melbourne,Victoria,An all-in-one software solution for leisure and entertainment venues,https://www.linkedin.com/company/roller/,17,,,,,,,Product Manager,Business Development,Marketing Specialist,225113,225113,2251,Advertising and Marketing Professionals,Marketing Specialist,221534,Melbourne,Melbourne,Victoria,Australia,2026-10-06,https://job-boards.greenhouse.io/roller/jobs/5257768007,90725022,,Full-time,,On-site,,,,,,,,,,2026-10-05,,True
Envato,Victoria,scaleup,subscription;marketplace & ecommerce;saas,http://envato.com,breakout stage,501-1000,media;enterprise software,Melbourne,"121, King Street, 3000 Melbourne, Australia",Melbourne,Victoria,Subscription service for unlimited creative digital assets,https://www.linkedin.com/company/envato,10,,True,True,3.7,193,https://www.glassdoor.com.au/Reviews/Envato-Reviews-E700841.htm,Product Designer - Visual Craft,Design,Industrial Designer,,232312,2323,"Fashion, Industrial and Jewellery Designers",Industrial Designer,242232,Melbourne,Melbourne,Victoria,Australia,2026-10-06,https://jobs.lever.co/envato-2/c9a30dd0-d820-4510-bf91-9dea1d3e3c4e,90711695,,Full-time,,Remote,,,,,,,,,,2026-10-05,,
Envato,Victoria,scaleup,subscription;marketplace & ecommerce;saas,http://envato.com,breakout stage,501-1000,media;enterprise software,Melbourne,"121, King Street, 3000 Melbourne, Australia",Melbourne,Victoria,Subscription service for unlimited creative digital assets,https://www.linkedin.com/company/envato,10,,True,True,3.7,193,https://www.glassdoor.com.au/Reviews/Envato-Reviews-E700841.htm,Lead Product Manager - GenAI,Business Development,Marketing Specialist,225113,225113,2251,Advertising and Marketing Professionals,Marketing Specialist,221534,Melbourne,Melbourne,Victoria,Australia,2026-10-06,https://jobs.lever.co/envato-2/d2d63604-0f57-41ac-9886-04d11c7e9f09,90711551,,Full-time,Lead,Remote,,,,,,,,,,2026-10-05,,
Envato,Victoria,scaleup,subscription;marketplace & ecommerce;saas,http://envato.com,breakout stage,501-1000,media;enterprise software,Melbourne,"121, King Street, 3000 Melbourne, Australia",Melbourne,Victoria,Subscription service for unlimited creative digital assets,https://www.linkedin.com/company/envato,10,,True,True,3.7,193,https://www.glassdoor.com.au/Reviews/Envato-Reviews-E700841.htm,Senior Product Manager,Business Development,Marketing Specialist,225113,225113,2251,Advertising and Marketing Professionals,Marketing Specialist,221534,Melbourne,Melbourne,Victoria,Australia,2026-10-06,https://jobs.lever.co/envato-2/76932595-950d-4df3-b545-d1e0110d6f4d,90711540,,Contract,Senior,Remote,,,,,,,,,,2026-10-05,,
Envato,Victoria,scaleup,subscription;marketplace & ecommerce;saas,http://envato.com,breakout stage,501-1000,media;enterprise software,Melbourne,"121, King Street, 3000 Melbourne, Australia",Melbourne,Victoria,Subscription service for unlimited creative digital assets,https://www.linkedin.com/company/envato,10,,True,True,3.7,193,https://www.glassdoor.com.au/Reviews/Envato-Reviews-E700841.htm,Product Designer - Visual Craft & AI,Design,Industrial Designer,,232312,2323,"Fashion, Industrial and Jewellery Designers",Industrial Designer,242232,Melbourne,Melbourne,Victoria,Australia,2026-10-06,https://jobs.lever.co/envato-2/8a43d593-8341-4bb8-ab61-6c03a12ca1fe,90711521,,Full-time,,Remote,,,,,,,,,,2026-10-05,,
Envato,Victoria,scaleup,subscription;marketplace & ecommerce;saas,http://envato.com,breakout stage,501-1000,media;enterprise software,Melbourne,"121, King Street, 3000 Melbourne, Australia",Melbourne,Victoria,Subscription service for unlimited creative digital assets,https://www.linkedin.com/company/envato,10,,True,True,3.7,193,https://www.glassdoor.com.au/Reviews/Envato-Reviews-E700841.htm,Senior Product Manager - GenAI,Business Development,Marketing Specialist,225113,225113,2251,Advertising and Marketing Professionals,Marketing Specialist,221534,Melbourne,Melbourne,Victoria,Australia,2026-10-06,https://jobs.lever.co/envato-2/6a7e1ff7-5970-4e7e-bd6e-a9f34bfe7b0a,90711511,,Full-time,Senior,Remote,,,,,,,,,,2026-10-05,,
Edrolo,Victoria,scaleup,commission;marketplace & ecommerce,http://www.edrolo.com.au,breakout stage,51-200,education,Melbourne,"3ZZZ, 144, George Street, Fitzroy, Melbourne, City of Yarra, Victoria, 3065, Australia",Melbourne,Victoria,Provides online education services and tutors to high school students to improve education and the future lives of learners,https://www.linkedin.com/company/edrolo/,2,,,,3.6,63,https://www.glassdoor.com.au/Reviews/Edrolo-Reviews-E2115428.htm,Lead Product Designer,Design,Web Designer,232414,232414,2324,"Graphic and Web Designers, and Illustrators",Industrial Designer,242232,Melbourne,Melbourne,Victoria,Australia,2026-10-06,https://edrolo.breezy.hr/p/3bcefece4b8a-lead-product-designer,90711189,,Full-time,Lead,Hybrid,,,,,,,,,,2026-10-05,,
Australian Gas Infrastructure Group,South Australia,startup,manufacturing,http://agig.com.au,late stage,501-1000,energy,Adelaide,"Adelaide, Adelaide City Council, South Australia, Australia",Adelaide,South Australia,,https://www.linkedin.com/company/agig/,4,,,,3.8,14,https://www.glassdoor.com.au/Reviews/Australian-Gas-Infrastructure-Group-Reviews-E3900674.htm,Injury Management Specialist,Other,,,,,,,,Adelaide,Adelaide,South Australia,Australia,2026-10-06,https://careers.agig.com.au/job/Melbourne-Injury-Management-Specialist-VIC-3000/1368331366,90710711,,Part-time,,,,,,,,,,,,2026-10-05,,True
Burst SMS,New South Wales,scaleup,saas,https://kudosity.com,early stage,11-50,enterprise software,Sydney,"Sydney, New South Wales, Australia",Sydney,New South Wales,"Build your business through the power of mobile, using the world's most simplest online SMS marketing system. ^BD Brad Down ^MK Maria Kapsalis",https://www.linkedin.com/company/burst-sms,3,,,,,,,Customer & Account Coordinator,CSM & Support,,,,,,,,Sydney,Sydney,New South Wales,Australia,2026-10-05,https://kudosity.com/careers/open-roles/fe6315e1-4f57-4cf1-aa2c-f3a7ec1f41fa,90692342,,,,,,,,,,,,,,,,
Contour Education,Victoria,startup,,https://www.contoureducation.com.au/,breakout stage,201-500,education,Melbourne,"Melbourne, City of Melbourne, Victoria, Australia",Melbourne,Victoria,Tutoring ecosystem for VCE and high school students,https://www.linkedin.com/company/contoureducation/,64,,,,3.9,20,https://www.glassdoor.com.au/Reviews/Contour-Education-Reviews-E8899309.htm,Year 7-10 Maths Assistant Tutor - Box Hill,Other,,,,,,,,Melbourne,Melbourne,Victoria,Australia,2026-10-05,https://ats.rippling.com/en-US/contour-education/jobs/ff12159b-a3e0-4a00-9037-6bd82c4d35bc,90687390,,,Junior,,,,,,,,,,,,,
Contour Education,Victoria,startup,,https://www.contoureducation.com.au/,breakout stage,201-500,education,Melbourne,"Melbourne, City of Melbourne, Victoria, Australia",Melbourne,Victoria,Tutoring ecosystem for VCE and high school students,https://www.linkedin.com/company/contoureducation/,64,,,,3.9,20,https://www.glassdoor.com.au/Reviews/Contour-Education-Reviews-E8899309.htm,"HSC & Year 7–10 Tutors – Maths, Science & English",Other,,,,,,,,Sydney,Sydney,New South Wales,Australia,2026-10-05,https://ats.rippling.com/en-US/contour-education/jobs/00adec11-4e58-47d8-92d0-3246dc49ddae,90687363,,Full-time,,,,100000,100000,AUD,100000,100000,,advert,,,,True
Loam Bio,New South Wales,startup,deep tech;commission;selling own inventory;manufacturing,https://loambio.com/,late stage,51-200,food,Orange,"Orange, Orange City Council, New South Wales, 2800, Australia",Orange,New South Wales,Developing tech that allows for crops to be inoculated with symbiotic micro-organisms,https://www.linkedin.com/company/loambio/,2,,,,3.3,10,https://www.glassdoor.com.au/Reviews/Loam-Bio-Reviews-E7301813.htm,Senior Project Engineer - FurrowMate,Project Management,,,,,,,,Orange,Orange,New South Wales,Australia,2026-10-05,https://ats.rippling.com/en-GB/loam-bio/jobs/ff531cb2-5969-4ebc-901a-26683802e97e,90678915,,,Senior,,,,,,,,,,,,,
Revo Fitness,Western Australia,scaleup,mobile app;marketplace & ecommerce,https://revofitness.com.au/,early stage,,sports,City of Subiaco,"Subiaco, City of Subiaco, Western Australia, 6008, Australia",Perth,Western Australia,Affordable 24/7 gym access with personalized workout plans and advanced recovery tools,https://www.linkedin.com/company/revo-fitness/,27,,,,4.4,12,https://www.glassdoor.com.au/Reviews/Revo-Fitness-Reviews-E4935724.htm,Member Experience Lead - Chadstone,Other,,,,,,,,Chadstone,Melbourne,Victoria,Australia,2026-10-05,https://apply.jobadder.com/au5/1419/928648/72miqq3in4qexh6lucrybvvhhu?show=details,90674809,,Casual,Lead,,,,,,,,,,,,,True
Power Diary,Victoria,scaleup,saas,https://zandahealth.com,breakout stage,51-200,health;enterprise software,Melbourne,"Brighton, Melbourne, City of Bayside, Victoria, 3186, Australia",Melbourne,Victoria,Practice Management Software to automate and simplify your health clinic,https://www.linkedin.com/company/zandahealth/,1,,,,,,,Product Owner - EU - Permanent Contractor - Full Time,Full-stack development,ICT Business Analyst,261111,261111,2611,ICT Business and Systems Analysts,ICT Business Analyst,273232,Melbourne,Melbourne,Victoria,Australia,2026-10-05,https://zanda.hrpartner.io/jobs/product-owner---eu---permanent-contractor---full-time-lg5wj,90672510,,,,,,,,,,,,,,,,
Early Learning,Queensland,scaleup,subscription;marketplace & ecommerce,http://goodstart.org.au,late stage,1001-5000,education,Brisbane,"Brisbane City, Queensland, Australia",Brisbane,Queensland,Comprehensive early learning and childcare services focusing on holistic development from kindergarten to preschool,https://www.linkedin.com/company/goodstart-early-learning,150,,,,,,,Casual Educator,Other,Child Care Worker,421111,,4211,Child Carers,Early Childhood Educator,431132,Stafford Heights,Brisbane,Queensland,Australia,2026-10-05,https://careers.goodstart.org.au/job/STAFFORD-HEIGHTS%2C-BRISBANE-Casual-Educator-QLD-4053/1367032066,90670913,,Casual,,,,,,,,,,,,,,True
Early Learning,Queensland,scaleup,subscription;marketplace & ecommerce,http://goodstart.org.au,late stage,1001-5000,education,Brisbane,"Brisbane City, Queensland, Australia",Brisbane,Queensland,Comprehensive early learning and childcare services focusing on holistic development from kindergarten to preschool,https://www.linkedin.com/company/goodstart-early-learning,150,,,,,,,Early Childhood Teacher,Other,Early Childhood (Pre-primary School) Teacher,241111,241111,2411,Early Childhood (Pre-primary School) Teachers,Early Childhood (Pre-primary School) Teacher,251131,Burton,Adelaide,South Australia,Australia,2026-10-05,https://careers.goodstart.org.au/job/BURTON-Early-Childhood-Teacher-SA-5110/1367031466,90670862,,Full-time,,,Bachelor,,,,,,,,,,,True
Compass Education,Victoria,scaleup,subscription;saas,https://www.compass.education/,breakout stage,201-500,education;enterprise software,Melbourne,"Heading Out, 74, Doncaster Road, Balwyn North, Melbourne, City of Boroondara, Victoria, 3104, Australia",Melbourne,Victoria,"Suite of software tools for schools to manage administrative tasks, schedules, and student data",https://www.linkedin.com/company/compasseducation/,17,,,,2.3,132,https://www.glassdoor.com.au/Reviews/Compass-Education-Reviews-E1791190.htm,Hardware Technician,Other,Hardware Technician,313111,313111,3131,ICT Support Technicians,,,Hawthorn,Melbourne,Victoria,Australia,2026-10-05,https://apply.workable.com/compass-education/j/7D1EC8922B,90669192,,,,On-site,,,,,,,,,,,,True
Clipchamp,Queensland,scaleup,subscription;saas,http://clipchamp.com,breakout stage,11-50,media,Brisbane,"315, Brunswick Street, Fortitude Valley, Brisbane City, Queensland, 4006, Australia",Brisbane,Queensland,Clipchamp is a video creation platform with millions of users worldwide. Our mission is to make video creation easy and accessible for everyone,https://www.linkedin.com/company/clipchamp-pty-ltd/,423,,,,5,4,https://www.glassdoor.com.au/Reviews/Clipchamp-Reviews-E3922962.htm,"Solution Area Specialist Sweden, Multiple Locations, Multiple Locations Posted 5 hours ago",Other,,,,,,,,Brisbane,Brisbane,Queensland,Australia,2026-10-05,https://apply.careers.microsoft.com/careers/job/1970393557017732?hl=en,90669104,,Full-time,,,Bachelor,,,,,,,,,2026-10-05,,
Early Learning,Queensland,scaleup,subscription;marketplace & ecommerce,http://goodstart.org.au,late stage,1001-5000,education,Brisbane,"Brisbane City, Queensland, Australia",Brisbane,Queensland,Comprehensive early learning and childcare services focusing on holistic development from kindergarten to preschool,https://www.linkedin.com/company/goodstart-early-learning,150,,,,,,,Early Childhood Teacher,Other,Early Childhood (Pre-primary School) Teacher,241111,241111,2411,Early Childhood (Pre-primary School) Teachers,Early Childhood (Pre-primary School) Teacher,251131,Cowra,Cowra,New South Wales,Australia,2026-10-05,https://careers.goodstart.org.au/job/COWRA-Early-Childhood-Teacher-NSW-2794/1367007466,90659251,,Full-time,,,Bachelor;Master,,,,,,,,,,,True
Early Learning,Queensland,scaleup,subscription;marketplace & ecommerce,http://goodstart.org.au,late stage,1001-5000,education,Brisbane,"Brisbane City, Queensland, Australia",Brisbane,Queensland,Comprehensive early learning and childcare services focusing on holistic development from kindergarten to preschool,https://www.linkedin.com/company/goodstart-early-learning,150,,,,,,,Inclusion Support Educator,Other,,,,,,,,Toormina,Toormina,New South Wales,Australia,2026-10-05,https://careers.goodstart.org.au/job/TOORMINA%2C-COFFS-HARBOUR-Inclusion-Support-Educator-NSW-2452/1367003466,90659247,,,,,Certification;Diploma,,,,,,,,,,,True
Early Learning,Queensland,scaleup,subscription;marketplace & ecommerce,http://goodstart.org.au,late stage,1001-5000,education,Brisbane,"Brisbane City, Queensland, Australia",Brisbane,Queensland,Comprehensive early learning and childcare services focusing on holistic development from kindergarten to preschool,https://www.linkedin.com/company/goodstart-early-learning,150,,,,,,,Administration Assistant,Human Resources,,,,,,,,Claremont,Hobart,Tasmania,Australia,2026-10-05,https://careers.goodstart.org.au/job/CLAREMONT%2C-HOBART-Administration-Assistant-TAS-7011/1367028166,90659241,,Contract,Junior,,,,,,,,,,,,,True
Early Learning,Queensland,scaleup,subscription;marketplace & ecommerce,http://goodstart.org.au,late stage,1001-5000,education,Brisbane,"Brisbane City, Queensland, Australia",Brisbane,Queensland,Comprehensive early learning and childcare services focusing on holistic development from kindergarten to preschool,https://www.linkedin.com/company/goodstart-early-learning,150,,,,,,,Casual Educator,Other,Child Care Worker,421111,,4211,Child Carers,Early Childhood Educator,431132,Griffith,Griffith,New South Wales,Australia,2026-10-05,https://careers.goodstart.org.au/job/GRIFFITH-DC-Casual-Educator-NSW-2680/1367036566,90659240,,Casual,,,Certification,,,,,,,,,,,True
Early Learning,Queensland,scaleup,subscription;marketplace & ecommerce,http://goodstart.org.au,late stage,1001-5000,education,Brisbane,"Brisbane City, Queensland, Australia",Brisbane,Queensland,Comprehensive early learning and childcare services focusing on holistic development from kindergarten to preschool,https://www.linkedin.com/company/goodstart-early-learning,150,,,,,,,Early Childhood Teacher,Other,Early Childhood (Pre-primary School) Teacher,241111,241111,2411,Early Childhood (Pre-primary School) Teachers,Early Childhood (Pre-primary School) Teacher,251131,Kooringal,Kooringal,New South Wales,Australia,2026-10-05,https://careers.goodstart.org.au/job/KOORINGAL%2C-WAGGA-WAGGA-Early-Childhood-Teacher-NSW-2650/1367007566,90659238,,Full-time,,,Bachelor;Master,,,,,,,,,,,True
Early Learning,Queensland,scaleup,subscription;marketplace & ecommerce,http://goodstart.org.au,late stage,1001-5000,education,Brisbane,"Brisbane City, Queensland, Australia",Brisbane,Queensland,Comprehensive early learning and childcare services focusing on holistic development from kindergarten to preschool,https://www.linkedin.com/company/goodstart-early-learning,150,,,,,,,Educator,Other,Child Care Worker,421111,,4211,Child Carers,Early Childhood Educator,431132,Marsden Park,Sydney,New South Wales,Australia,2026-10-05,https://careers.goodstart.org.au/job/MARSDEN-PARK-Educator-NSW-2765/1367002666,90659226,,,,,Certification,,,,,,,,,,,True
Early Learning,Queensland,scaleup,subscription;marketplace & ecommerce,http://goodstart.org.au,late stage,1001-5000,education,Brisbane,"Brisbane City, Queensland, Australia",Brisbane,Queensland,Comprehensive early learning and childcare services focusing on holistic development from kindergarten to preschool,https://www.linkedin.com/company/goodstart-early-learning,150,,,,,,,Educator,Other,Child Care Worker,421111,,4211,Child Carers,Early Childhood Educator,431132,Gatton,Gatton,Queensland,Australia,2026-10-05,https://careers.goodstart.org.au/job/GATTON-Educator-QLD-4343/1367027266,90659222,,Full-time,,,Certification;Diploma,,,,,,,,,,,True
Early Learning,Queensland,scaleup,subscription;marketplace & ecommerce,http://goodstart.org.au,late stage,1001-5000,education,Brisbane,"Brisbane City, Queensland, Australia",Brisbane,Queensland,Comprehensive early learning and childcare services focusing on holistic development from kindergarten to preschool,https://www.linkedin.com/company/goodstart-early-learning,150,,,,,,,Early Childhood Teacher,Other,Early Childhood (Pre-primary School) Teacher,241111,241111,2411,Early Childhood (Pre-primary School) Teachers,Early Childhood (Pre-primary School) Teacher,251131,West Kempsey,West Kempsey,New South Wales,Australia,2026-10-05,https://careers.goodstart.org.au/job/WEST-KEMPSEY%2C-KEMPSEY-Early-Childhood-Teacher-NSW-2440/1367009266,90659202,,Full-time,,,Bachelor;Master,,,,,,,,,,,True
Early Learning,Queensland,scaleup,subscription;marketplace & ecommerce,http://goodstart.org.au,late stage,1001-5000,education,Brisbane,"Brisbane City, Queensland, Australia",Brisbane,Queensland,Comprehensive early learning and childcare services focusing on holistic development from kindergarten to preschool,https://www.linkedin.com/company/goodstart-early-learning,150,,,,,,,Educator,Other,Child Care Worker,421111,,4211,Child Carers,Early Childhood Educator,431132,Albury,Albury,New South Wales,Australia,2026-10-05,https://careers.goodstart.org.au/job/ALBURY-Educator-NSW-2640/1367059966,90659201,,Full-time,,,,,,,,,,,,,,True
IDU Identification,Queensland,startup,mobile app;selling own inventory;subscription;saas,http://idu-identification.com,early stage,11-50,security,Brisbane,"Australia, Brisbane",Brisbane,Queensland,,https://www.linkedin.com/company/idu-identification,2,,,,,,,Customer Success Specialist,CSM & Support,,,,,,Call or Contact Centre Operator,551131,Brisbane,Brisbane,Queensland,Australia,2026-10-06,https://www.linkedin.com/jobs/view/4473866367/,90751583,,Full-time,,On-site,,,,,,,,,,2026-10-04,,
Openlot.com.au,Victoria,startup,big data;artificial intelligence;subscription;advertising;marketplace & ecommerce,http://www.openlot.com.au/,early stage,11-50,real estate,Melbourne,"3000 Melbourne, Australia",Melbourne,Victoria,One-stop-shop for the house & land search,https://www.linkedin.com/company/openlot-com-au/,6,,,,,,,Senior Content Writer (Full-time),Other,Copywriter,,212411,2124,Journalists and Other Writers,Copywriter,231331,Mentone,Melbourne,Victoria,Australia,2026-10-06,https://www.linkedin.com/jobs/view/4473843405/,90722808,,Full-time,Mid;Senior,,Bachelor,,,,,,,,,2026-10-04,,True
Collective Shift,Victoria,startup,blockchain;subscription;saas,https://collectiveshift.io/,early stage,11-50,fintech,Melbourne,"Melbourne, City of Melbourne, Victoria, Australia",Melbourne,Victoria,Tools and resources to help investors navigate the complex and dynamic world of cryptocurrency,https://www.linkedin.com/company/collectiveshift/,2,,,,,,,Head of Social & Short-Form Content,Marketing & Communication,,,,,,,,Melbourne,Melbourne,Victoria,Australia,2026-10-06,https://www.linkedin.com/jobs/view/4473838034/,90736715,,Contract,Lead,,,,,,,,,,,2026-10-04,,
Collective Shift,Victoria,startup,blockchain;subscription;saas,https://collectiveshift.io/,early stage,11-50,fintech,Melbourne,"Melbourne, City of Melbourne, Victoria, Australia",Melbourne,Victoria,Tools and resources to help investors navigate the complex and dynamic world of cryptocurrency,https://www.linkedin.com/company/collectiveshift/,2,,,,,,,Email & Direct Response Copywriter (Finance & Crypto),Finance,,,,,,,,Melbourne,Melbourne,Victoria,Australia,2026-10-06,https://www.linkedin.com/jobs/view/4473833463/,90749936,,Contract,Junior,Remote,,,,,,,,,,2026-10-04,,True
Bailey Nelson,New South Wales,scaleup,marketplace & ecommerce,http://www.baileynelson.com.au/,late stage,501-1000,fashion,Sydney,"William Street, Five Ways, Paddington, Sydney, Council of the City of Sydney, New South Wales, 2021, Australia",Sydney,New South Wales,,https://www.linkedin.com/company/bailey-nelson/,91,,,,3.7,205,https://www.glassdoor.com.au/Reviews/Bailey-Nelson-Reviews-E1677286.htm,Optometrist - FT - Newtown,Other,Optometrist,251411,251411,2514,Optometrists and Orthoptists,Optometrist,263331,Newtown,Sydney,New South Wales,Australia,2026-10-06,https://www.linkedin.com/jobs/view/4473191834/,90736785,80,Full-time,,,,,,,,,,,,2026-10-04,,True
TFE Hotels,New South Wales,scaleup,subscription,http://tfehotels.com,late stage,501-1000,travel,Sydney,"2007 Sydney, New South Wales, Australia",Sydney,New South Wales,,https://www.linkedin.com/company/toga-hotels/,54,,,,,,,Guest Service Attendant,Other,,,,,,,,Adelaide,Adelaide,South Australia,Australia,2026-10-05,https://jobs.dayforcehcm.com/en-AU/tfehotels/CANDIDATEPORTAL/jobs/31208,90685494,,,,,,,,,,,,,,2026-10-04,,True
TFE Hotels,New South Wales,scaleup,subscription,http://tfehotels.com,late stage,501-1000,travel,Sydney,"2007 Sydney, New South Wales, Australia",Sydney,New South Wales,,https://www.linkedin.com/company/toga-hotels/,54,,,,,,,Kitchen Hand,Other,,,,,,,,Scarborough,Perth,Western Australia,Australia,2026-10-05,https://jobs.dayforcehcm.com/en-AU/tfehotels/CANDIDATEPORTAL/jobs/31234,90685245,,Casual,,,,,,,,,,,,2026-10-04,,True
TFE Hotels,New South Wales,scaleup,subscription,http://tfehotels.com,late stage,501-1000,travel,Sydney,"2007 Sydney, New South Wales, Australia",Sydney,New South Wales,,https://www.linkedin.com/company/toga-hotels/,54,,,,,,,Barista,Other,,,,,,Barista,471231,Brisbane,Brisbane,Queensland,Australia,2026-10-05,https://jobs.dayforcehcm.com/en-AU/tfehotels/CANDIDATEPORTAL/jobs/31230,90685238,,,,,,,,,,,,,,2026-10-04,,True
TFE Hotels,New South Wales,scaleup,subscription,http://tfehotels.com,late stage,501-1000,travel,Sydney,"2007 Sydney, New South Wales, Australia",Sydney,New South Wales,,https://www.linkedin.com/company/toga-hotels/,54,,,,,,,Maintenance Handyperson,Other,,,,,,,,Chermside,Brisbane,Queensland,Australia,2026-10-05,https://jobs.dayforcehcm.com/en-AU/tfehotels/CANDIDATEPORTAL/jobs/31220,90685227,,,,,,,,,,,,,,2026-10-04,,True
Student Confidence,Victoria,startup,subscription;saas,https://studentconfidence.com.au/,early stage,1,education,Melbourne,"Brunswick West, Melbourne, City of Merri-bek, Victoria, 3055, Australia",Melbourne,Victoria,"The New Way To Exceed Your ESOS Student Wellbeing Compliance Requirements, Build Engagement And Confidence In Four Weeks",https://www.linkedin.com/company/studentconfidence/,1,,,,,,,GET PROFESSIONAL,Legal,,,,,,,,Melbourne,Melbourne,Victoria,Australia,2026-10-04,https://studentconfidence.com.au/jobsquad,90654725,,,,,,,,,,,,,,,,
Unexplores Tech Innovations,Victoria,startup,commission;saas,https://unexplores.com,early stage,2-10,,Melbourne,"Keon Park, Platform 1, Keon Park, Reservoir, Melbourne, City of Darebin, Victoria, 3073, Australia",Melbourne,Victoria,,https://www.linkedin.com/company/unexplores-tech-innovations/,4,,,,,,,Executive Marketing Staff,Marketing & Communication,,,,,,,,Melbourne,Melbourne,Victoria,Australia,2026-10-04,https://careers.unexplores.com,90652862,,,Lead,,,,,,,,,,,,,
